Vol,No.,day,mo,year,Collection,Book ID,JP2 ,start page,Notes (see orig file for page links),Derivative JPEG
1,1,10,4,1915,LOC,pictureplayweekl01unse,pictureplayweekl01unse_0013.jp2,http://archive.org/stream/pictureplayweekl01unse#page/n11/mode/2up,,Picture-Play_vol1_no1_10-4-1915_sml.jpg
1,2,17,4,1915,LOC,pictureplayweekl01unse,pictureplayweekl01unse_0043.jp2,https://archive.org/stream/pictureplayweekl01unse#page/n41/mode/2up,,Picture-Play_vol1_no2_17-4-1915_sml.jpg
1,3,24,4,1915,LOC,pictureplayweekl01unse,pictureplayweekl01unse_0079.jp2,https://archive.org/stream/pictureplayweekl01unse#page/n77/mode/2up,,Picture-Play_vol1_no3_24-4-1915_sml.jpg
1,4,1,5,1915,LOC,pictureplayweekl01unse,pictureplayweekl01unse_0115.jp2,https://archive.org/stream/pictureplayweekl01unse#page/n113/mode/2up,,Picture-Play_vol1_no4_1-5-1915_sml.jpg
1,5,8,5,1915,LOC,pictureplayweekl01unse,pictureplayweekl01unse_0143.jp2,https://archive.org/stream/pictureplayweekl01unse#page/n141/mode/2up,,Picture-Play_vol1_no5_8-5-1915_sml.jpg
1,6,15,5,1915,LOC,pictureplayweekl01unse,pictureplayweekl01unse_0179.jp2,https://archive.org/stream/pictureplayweekl01unse#page/n177/mode/2up,,Picture-Play_vol1_no6_15-5-1915_sml.jpg
1,7,22,5,1915,LOC,pictureplayweekl01unse,pictureplayweekl01unse_0213.jp2,https://archive.org/stream/pictureplayweekl01unse#page/n211/mode/2up,,Picture-Play_vol1_no7_22-5-1915_sml.jpg
1,8,29,5,1915,LOC,pictureplayweekl01unse,pictureplayweekl01unse_0249.jp2,https://archive.org/stream/pictureplayweekl01unse#page/n247/mode/2up,,Picture-Play_vol1_no8_29-5-1915_sml.jpg
1,9,5,6,1915,LOC,pictureplayweekl01unse,pictureplayweekl01unse_0285.jp2,https://archive.org/stream/pictureplayweekl01unse#page/n283/mode/2up,,Picture-Play_vol1_no9_5-6-1915_sml.jpg
1,10,12,6,1915,LOC,pictureplayweekl01unse,pictureplayweekl01unse_0321.jp2,https://archive.org/stream/pictureplayweekl01unse#page/n319/mode/2up,,Picture-Play_vol1_no10_12-6-1915_sml.jpg
1,11,19,6,1915,LOC,pictureplayweekl01unse,pictureplayweekl01unse_0357.jp2,https://archive.org/stream/pictureplayweekl01unse#page/n355/mode/2up,,Picture-Play_vol1_no11_19-6-1915_sml.jpg
1,12,26,6,1915,LOC,pictureplayweekl01unse,pictureplayweekl01unse_0393.jp2,https://archive.org/stream/pictureplayweekl01unse#page/n391/mode/2up,,Picture-Play_vol1_no12_26-6-1915_sml.jpg
1,13,3,7,1915,LOC,pictureplayweekl01unse,pictureplayweekl01unse_0429.jp2,https://archive.org/stream/pictureplayweekl01unse#page/n427/mode/2up,,Picture-Play_vol1_no13_3-7-1915_sml.jpg
1,14,10,7,1915,LOC,pictureplayweekl01unse,pictureplayweekl01unse_0465.jp2,https://archive.org/stream/pictureplayweekl01unse#page/n463/mode/2up,,Picture-Play_vol1_no14_10-7-1915_sml.jpg
1,15,17,7,1915,LOC,pictureplayweekl01unse,pictureplayweekl01unse_0501.jp2,https://archive.org/stream/pictureplayweekl01unse#page/n499/mode/2up,,Picture-Play_vol1_no15_17-7-1915_sml.jpg
1,16,24,7,1915,LOC,pictureplayweekl01unse,pictureplayweekl01unse_0537.jp2,https://archive.org/stream/pictureplayweekl01unse#page/n535/mode/2up,,Picture-Play_vol1_no16_24-7-1915_sml.jpg
1,17,31,7,1915,LOC,pictureplayweekl01unse,pictureplayweekl01unse_0573.jp2,https://archive.org/stream/pictureplayweekl01unse#page/n571/mode/2up,,Picture-Play_vol1_no17_31-7-1915_sml.jpg
1,18,7,8,1915,LOC,pictureplayweekl01unse,pictureplayweekl01unse_0603.jp2,https://archive.org/stream/pictureplayweekl01unse#page/n601/mode/2up,,Picture-Play_vol1_no18_7-8-1915_sml.jpg
1,19,14,8,1915,LOC,pictureplayweekl01unse,pictureplayweekl01unse_0639.jp2,https://archive.org/stream/pictureplayweekl01unse#page/n637/mode/2up,,Picture-Play_vol1_no19_14-8-1915_sml.jpg
1,20,21,8,1915,LOC,pictureplayweekl01unse,pictureplayweekl01unse_0675.jp2,https://archive.org/stream/pictureplayweekl01unse#page/n673/mode/2up,,Picture-Play_vol1_no20_21-8-1915_sml.jpg
1,21,28,8,1915,LOC,pictureplayweekl01unse,pictureplayweekl01unse_0711.jp2,https://archive.org/stream/pictureplayweekl01unse#page/n709/mode/2up,,Picture-Play_vol1_no21_28-8-1915_sml.jpg
1,22,4,9,1915,LOC,pictureplayweekl01unse,pictureplayweekl01unse_0747.jp2,https://archive.org/stream/pictureplayweekl01unse#page/n745/mode/2up,,Picture-Play_vol1_no22_4-9-1915_sml.jpg
1,23,11,9,1915,LOC,pictureplayweekl01unse,pictureplayweekl01unse_0783.jp2,https://archive.org/stream/pictureplayweekl01unse#page/n781/mode/2up,,Picture-Play_vol1_no23_11-9-1915_sml.jpg
1,24,18,9,1915,LOC,pictureplayweekl01unse,pictureplayweekl01unse_0819.jp2,https://archive.org/stream/pictureplayweekl01unse#page/n817/mode/2up,,Picture-Play_vol1_no24_18-9-1915_sml.jpg
1,25,25,9,1915,LOC,pictureplayweekl01unse,pictureplayweekl01unse_0855.jp2,https://archive.org/stream/pictureplayweekl01unse#page/n853/mode/2up,,Picture-Play_vol1_no25_25-9-1915_sml.jpg
1,26,2,10,1915,LOC,pictureplayweekl01unse,pictureplayweekl01unse_0891.jp2,https://archive.org/stream/pictureplayweekl01unse#page/n889/mode/2up,,Picture-Play_vol1_no26_2-10-1915_sml.jpg
2,1,9,10,1915,LOC,pictureplayweekl02unse,pictureplayweekl02unse_0009.jp2,https://archive.org/stream/pictureplayweekl02unse#page/n7/mode/2up,,Picture-Play_vol2_no1_9-10-1915_sml.jpg
2,2,16,10,1915,LOC,pictureplayweekl02unse,pictureplayweekl02unse_0037.jp2,https://archive.org/stream/pictureplayweekl02unse#page/n35/mode/2up,,Picture-Play_vol2_no2_16-10-1915_sml.jpg
2,3,23,10,1915,LOC,pictureplayweekl02unse,pictureplayweekl02unse_0073.jp2,https://archive.org/stream/pictureplayweekl02unse#page/n71/mode/2up,,Picture-Play_vol2_no3_23-10-1915_sml.jpg
2,4,30,10,1915,LOC,pictureplayweekl02unse,pictureplayweekl02unse_0109.jp2,https://archive.org/stream/pictureplayweekl02unse#page/n107/mode/2up,,Picture-Play_vol2_no4_30-10-1915_sml.jpg
2,5,6,11,1915,LOC,pictureplayweekl02unse,pictureplayweekl02unse_0145.jp2,https://archive.org/stream/pictureplayweekl02unse#page/n143/mode/2up,,Picture-Play_vol2_no5_6-11-1915_sml.jpg
2,6,13,11,1915,LOC,pictureplayweekl02unse,pictureplayweekl02unse_0181.jp2,https://archive.org/stream/pictureplayweekl02unse#page/n179/mode/2up,,Picture-Play_vol2_no6_13-11-1915_sml.jpg
2,7,20,11,1915,LOC,pictureplayweekl02unse,pictureplayweekl02unse_0217.jp2,https://archive.org/stream/pictureplayweekl02unse#page/n215/mode/2up,,Picture-Play_vol2_no7_20-11-1915_sml.jpg
2,8,27,11,1915,LOC,pictureplayweekl02unse,pictureplayweekl02unse_0253.jp2,https://archive.org/stream/pictureplayweekl02unse#page/n251/mode/2up,,Picture-Play_vol2_no8_27-11-1915_sml.jpg
,,10,12,1915,,,,,,
,,17,12,1915,,,,,,
,,24,12,1915,,,,,,
,,31,12,1915,,,,,,
,,,1,1916,,,,,,
,,,1,1916,,,,,,
,,,1,1916,,,,,,
,,,1,1916,,,,,,
,,,2,1916,,,,,,
,,,2,1916,,,,,,
,,,2,1916,,,,,,
4,1,1,3,1916,LOC,pictureplaymagaz04unse,pictureplaymagaz04unse_0015.jp2,https://archive.org/stream/pictureplaymagaz04unse#page/n13/mode/2up,,Picture-Play_vol4_no1_1-3-1916_sml.jpg
4,2,,4,1916,LOC,pictureplaymagaz04unse,pictureplaymagaz04unse_0145.jp2,https://archive.org/stream/pictureplaymagaz04unse#page/n143/mode/2up,,Picture-Play_vol4_no2_dd-4-1916_sml.jpg
4,3,,5,1916,LOC,pictureplaymagaz04unse,pictureplaymagaz04unse_0307.jp2,https://archive.org/stream/pictureplaymagaz04unse#page/n305/mode/2up,,Picture-Play_vol4_no3_dd-5-1916_sml.jpg
4,4,,6,1916,LOC,pictureplaymagaz04unse,pictureplaymagaz04unse_0461.jp2,https://archive.org/stream/pictureplaymagaz04unse#page/n459/mode/2up,,Picture-Play_vol4_no4_dd-6-1916_sml.jpg
4,5,,7,1916,LOC,pictureplaymagaz04unse,pictureplaymagaz04unse_0625.jp2,https://archive.org/stream/pictureplaymagaz04unse#page/n623/mode/2up,,Picture-Play_vol4_no5_dd-7-1916_sml.jpg
4,6,,8,1916,LOC,pictureplaymagaz04unse,pictureplaymagaz04unse_0787.jp2,https://archive.org/stream/pictureplaymagaz04unse#page/n785/mode/2up,,Picture-Play_vol4_no6_dd-8-1916_sml.jpg
5,1,,9,1916,LOC,pictureplaymagaz05unse,pictureplaymagaz05unse_0013.jp2,https://archive.org/stream/pictureplaymagaz05unse#page/n11/mode/2up,,Picture-Play_vol5_no1_dd-9-1916_sml.jpg
5,2,,10,1916,LOC,pictureplaymagaz05unse,pictureplaymagaz05unse_0177.jp2,https://archive.org/stream/pictureplaymagaz05unse#page/n175/mode/2up,,Picture-Play_vol5_no2_dd-10-1916_sml.jpg
5,3,,11,1916,LOC,pictureplaymagaz05unse,pictureplaymagaz05unse_0341.jp2,https://archive.org/stream/pictureplaymagaz05unse#page/n339/mode/2up,,Picture-Play_vol5_no3_dd-11-1916_sml.jpg
5,4,,12,1916,LOC,pictureplaymagaz05unse,pictureplaymagaz05unse_0505.jp2,https://archive.org/stream/pictureplaymagaz05unse#page/n503/mode/2up,,Picture-Play_vol5_no4_dd-12-1916_sml.jpg
5,5,,1,1916,LOC,pictureplaymagaz05unse,pictureplaymagaz05unse_0669.jp2,https://archive.org/stream/pictureplaymagaz05unse#page/n667/mode/2up,,Picture-Play_vol5_no5_dd-1-1916_sml.jpg
5,6,,2,1916,LOC,pictureplaymagaz05unse,pictureplaymagaz05unse_0833.jp2,https://archive.org/stream/pictureplaymagaz05unse#page/n831/mode/2up,,Picture-Play_vol5_no6_dd-2-1916_sml.jpg
6,1,,3,1917,LOC,pictureplaymagaz06unse,pictureplaymagaz06unse_0009.jp2,https://archive.org/stream/pictureplaymagaz06unse#page/n7/mode/2up,,Picture-Play_vol6_no1_dd-3-1917_sml.jpg
6,2,,4,1917,LOC,pictureplaymagaz06unse,pictureplaymagaz06unse_0171.jp2,https://archive.org/stream/pictureplaymagaz06unse#page/n169/mode/2up,,Picture-Play_vol6_no2_dd-4-1917_sml.jpg
6,3,,5,1917,LOC,pictureplaymagaz06unse,pictureplaymagaz06unse_0335.jp2,https://archive.org/stream/pictureplaymagaz06unse#page/n333/mode/2up,,Picture-Play_vol6_no3_dd-5-1917_sml.jpg
6,4,,6,1917,LOC,pictureplaymagaz06unse,pictureplaymagaz06unse_0499.jp2,https://archive.org/stream/pictureplaymagaz06unse#page/n497/mode/2up,,Picture-Play_vol6_no4_dd-6-1917_sml.jpg
6,5,,7,1917,LOC,pictureplaymagaz06unse,pictureplaymagaz06unse_0663.jp2,https://archive.org/stream/pictureplaymagaz06unse#page/n661/mode/2up,,Picture-Play_vol6_no5_dd-7-1917_sml.jpg
6,6,,8,1917,LOC,pictureplaymagaz06unse,pictureplaymagaz06unse_0827.jp2,https://archive.org/stream/pictureplaymagaz06unse#page/n825/mode/2up,,Picture-Play_vol6_no6_dd-8-1917_sml.jpg
7,1,,9,1917,LOC,pictureplaymagaz07unse,pictureplaymagaz07unse_0011.jp2,https://archive.org/stream/pictureplaymagaz07unse#page/n9/mode/2up,,Picture-Play_vol7_no1_dd-9-1917_sml.jpg
7,2,,10,1917,LOC,pictureplaymagaz07unse,pictureplaymagaz07unse_0163.jp2,https://archive.org/stream/pictureplaymagaz07unse#page/n161/mode/2up,,Picture-Play_vol7_no2_dd-10-1917_sml.jpg
7,3,,11,1917,LOC,pictureplaymagaz07unse,pictureplaymagaz07unse_0327.jp2,https://archive.org/stream/pictureplaymagaz07unse#page/n325/mode/2up,,Picture-Play_vol7_no3_dd-11-1917_sml.jpg
7,4,,12,1917,LOC,pictureplaymagaz07unse,pictureplaymagaz07unse_0491.jp2,https://archive.org/stream/pictureplaymagaz07unse#page/n489/mode/2up,,Picture-Play_vol7_no4_dd-12-1917_sml.jpg
7,5,,1,1918,LOC,pictureplaymagaz07unse,pictureplaymagaz07unse_0655.jp2,https://archive.org/stream/pictureplaymagaz07unse#page/n653/mode/2up,,Picture-Play_vol7_no5_dd-1-1918_sml.jpg
7,6,,2,1918,LOC,pictureplaymagaz07unse,pictureplaymagaz07unse_0805.jp2,https://archive.org/stream/pictureplaymagaz07unse#page/n803/mode/2up,,Picture-Play_vol7_no6_dd-2-1918_sml.jpg
8,1,,3,1918,LOC,pictureplaymagaz08unse,pictureplaymagaz08unse_0011.jp2,https://archive.org/stream/pictureplaymagaz08unse#page/n9/mode/2up,,Picture-Play_vol8_no1_dd-3-1918_sml.jpg
8,2,,4,1918,LOC,pictureplaymagaz08unse,pictureplaymagaz08unse_0175.jp2,https://archive.org/stream/pictureplaymagaz08unse#page/n173/mode/2up,,Picture-Play_vol8_no2_dd-4-1918_sml.jpg
8,3,,5,1918,LOC,pictureplaymagaz08unse,pictureplaymagaz08unse_0339.jp2,https://archive.org/stream/pictureplaymagaz08unse#page/n337/mode/2up,,Picture-Play_vol8_no3_dd-5-1918_sml.jpg
8,4,,6,1918,LOC,pictureplaymagaz08unse,pictureplaymagaz08unse_0493.jp2,https://archive.org/stream/pictureplaymagaz08unse#page/n491/mode/2up,,Picture-Play_vol8_no4_dd-6-1918_sml.jpg
8,5,,7,1918,LOC,pictureplaymagaz08unse,pictureplaymagaz08unse_0655.jp2,https://archive.org/stream/pictureplaymagaz08unse#page/n653/mode/2up,,Picture-Play_vol8_no5_dd-7-1918_sml.jpg
8,6,,8,1918,LOC,pictureplaymagaz08unse,pictureplaymagaz08unse_0811.jp2,https://archive.org/stream/pictureplaymagaz08unse#page/n809/mode/2up,,Picture-Play_vol8_no6_dd-8-1918_sml.jpg
9,1,,9,1918,LOC,pictureplaymagaz09unse,pictureplaymagaz09unse_0007.jp2,https://archive.org/stream/pictureplaymagaz09unse,,Picture-Play_vol9_no1_dd-9-1918_sml.jpg
9,2,,10,1918,LOC,pictureplaymagaz09unse,pictureplaymagaz09unse_0169.jp2,https://archive.org/stream/pictureplaymagaz09unse#page/n167/mode/2up,,Picture-Play_vol9_no2_dd-10-1918_sml.jpg
9,3,,11,1918,LOC,pictureplaymagaz09unse,pictureplaymagaz09unse_0331.jp2,https://archive.org/stream/pictureplaymagaz09unse#page/n329/mode/2up,,Picture-Play_vol9_no3_dd-11-1918_sml.jpg
9,4,,12,1918,LOC,pictureplaymagaz09unse,pictureplaymagaz09unse_0495.jp2,https://archive.org/stream/pictureplaymagaz09unse#page/n493/mode/2up,,Picture-Play_vol9_no4_dd-12-1918_sml.jpg
9,5,,1,1919,LOC,pictureplaymagaz09unse,pictureplaymagaz09unse_0657.jp2,https://archive.org/stream/pictureplaymagaz09unse#page/n655/mode/2up,,Picture-Play_vol9_no5_dd-1-1919_sml.jpg
9,6,,2,1919,LOC,pictureplaymagaz09unse,pictureplaymagaz09unse_0813.jp2,https://archive.org/stream/pictureplaymagaz09unse#page/n811/mode/2up,,Picture-Play_vol9_no6_dd-2-1919_sml.jpg
10,1,,3,1919,LOC,pictureplaymagaz10unse,pictureplaymagaz10unse_0007.jp2,https://archive.org/stream/pictureplaymagaz10unse#page/n5/mode/2up,ripped cover,Picture-Play_vol10_no1_dd-3-1919_sml.jpg
10,2,,4,1919,LOC,pictureplaymagaz10unse,pictureplaymagaz10unse_0145.jp2,https://archive.org/stream/pictureplaymagaz10unse#page/n141/mode/2up,,Picture-Play_vol10_no2_dd-4-1919_sml.jpg
10,3,,5,1919,LOC,pictureplaymagaz10unse,pictureplaymagaz10unse_0279.jp2,https://archive.org/stream/pictureplaymagaz10unse#page/n275/mode/2up,cut pic,Picture-Play_vol10_no3_dd-5-1919_sml.jpg
10,4,,6,1919,LOC,pictureplaymagaz10unse,pictureplaymagaz10unse_0421.jp2,https://archive.org/stream/pictureplaymagaz10unse#page/n417/mode/2up,,Picture-Play_vol10_no4_dd-6-1919_sml.jpg
10,5,,7,1919,LOC,pictureplaymagaz10unse,pictureplaymagaz10unse_0565.jp2,https://archive.org/stream/pictureplaymagaz10unse#page/n561/mode/2up,,Picture-Play_vol10_no5_dd-7-1919_sml.jpg
10,6,,8,1919,LOC,pictureplaymagaz10unse,pictureplaymagaz10unse_0709.jp2,https://archive.org/stream/pictureplaymagaz10unse#page/n705/mode/2up,,Picture-Play_vol10_no6_dd-8-1919_sml.jpg
11,1,,9,1919,LOC,pictureplaymagaz11unse,pictureplaymagaz11unse_0011.jp2,https://archive.org/stream/pictureplaymagaz11unse#page/n9/mode/2up,,Picture-Play_vol11_no1_dd-9-1919_sml.jpg
11,2,,10,1919,LOC,pictureplaymagaz11unse,pictureplaymagaz11unse_0117.jp2,https://archive.org/stream/pictureplaymagaz11unse#page/n115/mode/2up,,Picture-Play_vol11_no2_dd-10-1919_sml.jpg
11,3,,11,1919,LOC,pictureplaymagaz11unse,pictureplaymagaz11unse_0219.jp2,https://archive.org/stream/pictureplaymagaz11unse#page/n217/mode/2up,,Picture-Play_vol11_no3_dd-11-1919_sml.jpg
11,4,,12,1919,LOC,pictureplaymagaz11unse,pictureplaymagaz11unse_0321.jp2,https://archive.org/stream/pictureplaymagaz11unse#page/n319/mode/2up,,Picture-Play_vol11_no4_dd-12-1919_sml.jpg
11,5,,1,1920,LOC,pictureplaymagaz11unse,pictureplaymagaz11unse_0419.jp2,https://archive.org/stream/pictureplaymagaz11unse#page/n417/mode/2up,,Picture-Play_vol11_no5_dd-1-1920_sml.jpg
11,6,,2,1920,LOC,pictureplaymagaz11unse,pictureplaymagaz11unse_0523.jp2,https://archive.org/stream/pictureplaymagaz11unse#page/n521/mode/2up,,Picture-Play_vol11_no6_dd-2-1920_sml.jpg
12,1,,3,1920,LOC,pictureplaymagaz12unse,pictureplaymagaz12unse_0007.jp2,https://archive.org/stream/pictureplaymagaz12unse#page/n5/mode/2up,,Picture-Play_vol12_no1_dd-3-1920_sml.jpg
12,2,,4,1920,LOC,pictureplaymagaz12unse,pictureplaymagaz12unse_0113.jp2,https://archive.org/stream/pictureplaymagaz12unse#page/n111/mode/2up,,Picture-Play_vol12_no2_dd-4-1920_sml.jpg
12,3,,5,1920,LOC,pictureplaymagaz12unse,pictureplaymagaz12unse_0213.jp2,https://archive.org/stream/pictureplaymagaz12unse#page/n211/mode/2up,,Picture-Play_vol12_no3_dd-5-1920_sml.jpg
12,4,,6,1920,LOC,pictureplaymagaz12unse,pictureplaymagaz12unse_0315.jp2,https://archive.org/stream/pictureplaymagaz12unse#page/n313/mode/2up,,Picture-Play_vol12_no4_dd-6-1920_sml.jpg
12,5,,7,1920,LOC,pictureplaymagaz12unse,pictureplaymagaz12unse_0421.jp2,https://archive.org/stream/pictureplaymagaz12unse#page/n419/mode/2up,,Picture-Play_vol12_no5_dd-7-1920_sml.jpg
12,6,,8,1920,LOC,pictureplaymagaz12unse,pictureplaymagaz12unse_0533.jp2,https://archive.org/stream/pictureplaymagaz12unse#page/n531/mode/2up,,Picture-Play_vol12_no6_dd-8-1920_sml.jpg
13,1,,9,1920,LOC,pictureplaymagaz13unse,pictureplaymagaz13unse_0007.jp2,https://archive.org/stream/pictureplaymagaz13unse#page/n5/mode/2up,,Picture-Play_vol13_no1_dd-9-1920_sml.jpg
13,2,,10,1920,LOC,pictureplaymagaz13unse,pictureplaymagaz13unse_0115.jp2,https://archive.org/stream/pictureplaymagaz13unse#page/n113/mode/2up,,Picture-Play_vol13_no2_dd-10-1920_sml.jpg
13,3,,11,1920,LOC,pictureplaymagaz13unse,pictureplaymagaz13unse_0223.jp2,https://archive.org/stream/pictureplaymagaz13unse#page/n221/mode/2up,,Picture-Play_vol13_no3_dd-11-1920_sml.jpg
13,4,,12,1920,LOC,pictureplaymagaz13unse,pictureplaymagaz13unse_0331.jp2,https://archive.org/stream/pictureplaymagaz13unse#page/n329/mode/2up,,Picture-Play_vol13_no4_dd-12-1920_sml.jpg
13,5,,1,1921,LOC,pictureplaymagaz13unse,pictureplaymagaz13unse_0447.jp2,https://archive.org/stream/pictureplaymagaz13unse#page/n445/mode/2up,,Picture-Play_vol13_no5_dd-1-1921_sml.jpg
13,6,,2,1921,LOC,pictureplaymagaz13unse,pictureplaymagaz13unse_0561.jp2,https://archive.org/stream/pictureplaymagaz13unse#page/n559/mode/2up,,Picture-Play_vol13_no6_dd-2-1921_sml.jpg
14,1,,3,1921,LOC,pictureplaymagaz14unse,pictureplaymagaz14unse_0007.jp2,https://archive.org/stream/pictureplaymagaz14unse#page/n5/mode/2up,,Picture-Play_vol14_no1_dd-3-1921_sml.jpg
14,2,,4,1921,LOC,pictureplaymagaz14unse,pictureplaymagaz14unse_0115.jp2,https://archive.org/stream/pictureplaymagaz14unse#page/n113/mode/2up,,Picture-Play_vol14_no2_dd-4-1921_sml.jpg
14,3,,5,1921,LOC,pictureplaymagaz14unse,pictureplaymagaz14unse_0229.jp2,https://archive.org/stream/pictureplaymagaz14unse#page/n227/mode/2up,,Picture-Play_vol14_no3_dd-5-1921_sml.jpg
14,4,,6,1921,LOC,pictureplaymagaz14unse,pictureplaymagaz14unse_0347.jp2,https://archive.org/stream/pictureplaymagaz14unse#page/n345/mode/2up,,Picture-Play_vol14_no4_dd-6-1921_sml.jpg
14,5,,7,1921,LOC,pictureplaymagaz14unse,pictureplaymagaz14unse_0463.jp2,https://archive.org/stream/pictureplaymagaz14unse#page/n461/mode/2up,,Picture-Play_vol14_no5_dd-7-1921_sml.jpg
14,6,,8,1921,LOC,pictureplaymagaz14unse,pictureplaymagaz14unse_0579.jp2,https://archive.org/stream/pictureplaymagaz14unse#page/n577/mode/2up,,Picture-Play_vol14_no6_dd-8-1921_sml.jpg
15,1,,9,1921,LOC,pictureplaymagaz15unse,pictureplaymagaz15unse_0007.jp2,https://archive.org/stream/pictureplaymagaz15unse#page/n5/mode/2up,upper corner cut,Picture-Play_vol15_no1_dd-9-1921_sml.jpg
15,2,,10,1921,LOC,pictureplaymagaz15unse,pictureplaymagaz15unse_0121.jp2,https://archive.org/stream/pictureplaymagaz15unse#page/n119/mode/2up,,Picture-Play_vol15_no2_dd-10-1921_sml.jpg
15,3,,11,1921,LOC,pictureplaymagaz15unse,pictureplaymagaz15unse_0237.jp2,https://archive.org/stream/pictureplaymagaz15unse#page/n235/mode/2up,,Picture-Play_vol15_no3_dd-11-1921_sml.jpg
15,4,,12,1921,LOC,pictureplaymagaz15unse,pictureplaymagaz15unse_0347.jp2,https://archive.org/stream/pictureplaymagaz15unse#page/n345/mode/2up,pic cut,Picture-Play_vol15_no4_dd-12-1921_sml.jpg
15,5,,1,1922,LOC,pictureplaymagaz15unse,pictureplaymagaz15unse_0463.jp2,https://archive.org/stream/pictureplaymagaz15unse#page/n461/mode/2up,pic cut,Picture-Play_vol15_no5_dd-1-1922_sml.jpg
15,5,,1,1922,Taylorology library,Picture-playMagazineJan.1922,Picture-Play0122_0000.jp2,https://archive.org/stream/Picture-playMagazineJan.1922/Picture-Play0122#page/n0/mode/2up,,Picture-Play_vol15_no5_dd-1-1922_sml.jpg
15,6,,2,1922,LOC,pictureplaymagaz15unse,pictureplaymagaz15unse_0579.jp2,https://archive.org/stream/pictureplaymagaz15unse#page/n577/mode/2up,missing pages,Picture-Play_vol15_no6_dd-2-1922_sml.jpg
16,1,,3,1922,,,,,,
16,2,,4,1922,Taylorology library,Picture-playMagazineApril1922,Picture-Play0422_0000.jp2,https://archive.org/stream/Picture-playMagazineApril1922/Picture-Play0422#page/n0/mode/2up,,Picture-Play_vol16_no2_dd-4-1922_sml.jpg
16,3,,5,1922,Taylorology library,Picture-playMagazineMay1922,p01-116_0000.jp2,https://archive.org/stream/Picture-playMagazineMay1922/p01-116#page/n0/mode/2up,,Picture-Play_vol16_no3_dd-5-1922_sml.jpg
16,4,,6,1922,Taylorology library,Picture-playMagazineJune1922,PicturePlay0622_0000.jp2,https://archive.org/stream/Picture-playMagazineJune1922/PicturePlay0622#page/n0/mode/2up,,Picture-Play_vol16_no4_dd-6-1922_sml.jpg
16,5,,7,1922,Taylorology library,Picture-playMagazineJuly1922,PicturePlay0722_0000.jp2,https://archive.org/stream/Picture-playMagazineJuly1922/PicturePlay0722#page/n0/mode/2up,,Picture-Play_vol16_no5_dd-7-1922_sml.jpg
16,6,,8,1922,Taylorology library,Picture-playMagazineAugust1922,PicturePlay0822_0000.jp2,https://archive.org/stream/Picture-playMagazineAugust1922/PicturePlay0822#page/n0/mode/2up,,Picture-Play_vol16_no6_dd-8-1922_sml.jpg
17,1,,9,1922,Taylorology library,Picture-playMagazineSept.1922,PicturePlay0922_0000.jp2,https://archive.org/stream/Picture-playMagazineSept.1922/PicturePlay0922#page/n0/mode/2up,,Picture-Play_vol17_no1_dd-9-1922_sml.jpg
17,2,,10,1922,,,,,,
17,3,,11,1922,,,,,,
17,4,,12,1922,Taylorology library,Picture-playMagazineDec.1922,PicturePlay1222_0000.jp2,https://archive.org/stream/Picture-playMagazineDec.1922/PicturePlay1222#page/n0/mode/2up,,Picture-Play_vol17_no4_dd-12-1922_sml.jpg
17,5,,1,1923,Taylorology library,Picture-playMagazineJan.1923,PicturePlay0123_0000.jp2,https://archive.org/stream/Picture-playMagazineJan.1923/PicturePlay0123#page/n0/mode/2up,,Picture-Play_vol17_no5_dd-1-1923_sml.jpg
17,6,,2,1923,Taylorology library,Picture-playMagazineFeb.1923,PicturePlay0223_0000.jp2,https://archive.org/stream/Picture-playMagazineFeb.1923/PicturePlay0223,,Picture-Play_vol17_no6_dd-2-1923_sml.jpg
18,1,,3,1923,Taylorology library,Picture-playMagazineMarch1923,PicturePlay0323_0000.jp2,https://archive.org/stream/Picture-playMagazineMarch1923/PicturePlay0323#page/n0/mode/2up,,Picture-Play_vol18_no1_dd-3-1923_sml.jpg
18,1,,3,1923,LOC,pictureplaymagaz18unse,pictureplaymagaz18unse_0007.jp2,https://archive.org/stream/pictureplaymagaz18unse#page/n5/mode/2up,pic cut,Picture-Play_vol18_no1_dd-3-1923_sml.jpg
18,2,,4,1923,Taylorology library,Picture-playMagazineApril1923,PicturePlay0423_0000.jp2,https://archive.org/stream/Picture-playMagazineApril1923/PicturePlay0423#page/n0/mode/2up,,Picture-Play_vol18_no2_dd-4-1923_sml.jpg
18,2,,4,1923,LOC,pictureplaymagaz18unse,pictureplaymagaz18unse_0123.jp2,https://archive.org/stream/pictureplaymagaz18unse#page/n121/mode/2up,,Picture-Play_vol18_no2_dd-4-1923_sml.jpg
18,3,,5,1923,LOC,pictureplaymagaz18unse,pictureplaymagaz18unse_0239.jp2,https://archive.org/stream/pictureplaymagaz18unse#page/n237/mode/2up,,Picture-Play_vol18_no3_dd-5-1923_sml.jpg
18,4,,6,1923,LOC,pictureplaymagaz18unse,pictureplaymagaz18unse_0355.jp2,https://archive.org/stream/pictureplaymagaz18unse#page/n353/mode/2up,,Picture-Play_vol18_no4_dd-6-1923_sml.jpg
18,5,,7,1923,LOC,pictureplaymagaz18unse,pictureplaymagaz18unse_0471.jp2,https://archive.org/stream/pictureplaymagaz18unse#page/n469/mode/2up,,Picture-Play_vol18_no5_dd-7-1923_sml.jpg
18,6,,8,1923,LOC,pictureplaymagaz18unse,pictureplaymagaz18unse_0587.jp2,https://archive.org/stream/pictureplaymagaz18unse#page/n585/mode/2up,stamp on face,Picture-Play_vol18_no6_dd-8-1923_sml.jpg
19,1,,9,1923,LOC,pictureplaymagaz19unse,pictureplaymagaz19unse_0007.jp2,https://archive.org/stream/pictureplaymagaz19unse#page/n5/mode/2up,front page ripped,Picture-Play_vol19_no1_dd-9-1923_sml.jpg
19,2,,10,1923,LOC,pictureplaymagaz19unse,pictureplaymagaz19unse_0123.jp2,https://archive.org/stream/pictureplaymagaz19unse#page/n121/mode/2up,,Picture-Play_vol19_no2_dd-10-1923_sml.jpg
19,3,,11,1923,LOC,pictureplaymagaz19unse,pictureplaymagaz19unse_0239.jp2,https://archive.org/stream/pictureplaymagaz19unse#page/n237/mode/2up,,Picture-Play_vol19_no3_dd-11-1923_sml.jpg
19,4,,12,1923,LOC,pictureplaymagaz19unse,pictureplaymagaz19unse_0355.jp2,https://archive.org/stream/pictureplaymagaz19unse#page/n353/mode/2up,pic cut,Picture-Play_vol19_no4_dd-12-1923_sml.jpg
19,5,,1,1924,LOC,pictureplaymagaz19unse,MISSING COVER,https://archive.org/stream/pictureplaymagaz19unse#page/n471/mode/1up,,
19,6,,2,1924,LOC,pictureplaymagaz19unse,pictureplaymagaz19unse_0589.jp2,https://archive.org/stream/pictureplaymagaz19unse#page/n587/mode/2up,,Picture-Play_vol19_no6_dd-2-1924_sml.jpg
20,1,,3,1924,LOC,pictureplaymagaz20unse,pictureplaymagaz20unse_0007.jp2,https://archive.org/stream/pictureplaymagaz20unse,,Picture-Play_vol20_no1_dd-3-1924_sml.jpg
20,2,,4,1924,LOC,pictureplaymagaz20unse,pictureplaymagaz20unse_0127.jp2,https://archive.org/stream/pictureplaymagaz20unse#page/n125/mode/2up,,Picture-Play_vol20_no2_dd-4-1924_sml.jpg
20,3,,5,1924,LOC,pictureplaymagaz20unse,pictureplaymagaz20unse_0251.jp2,https://archive.org/stream/pictureplaymagaz20unse#page/n249/mode/2up,,Picture-Play_vol20_no3_dd-5-1924_sml.jpg
20,4,,6,1924,LOC,pictureplaymagaz20unse,pictureplaymagaz20unse_0375.jp2,https://archive.org/stream/pictureplaymagaz20unse#page/n373/mode/2up,,Picture-Play_vol20_no4_dd-6-1924_sml.jpg
20,5,,7,1924,LOC,pictureplaymagaz20unse,pictureplaymagaz20unse_0499.jp2,https://archive.org/stream/pictureplaymagaz20unse#page/n497/mode/2up,,Picture-Play_vol20_no5_dd-7-1924_sml.jpg
20,6,,8,1924,LOC,pictureplaymagaz20unse,pictureplaymagaz20unse_0623.jp2,https://archive.org/stream/pictureplaymagaz20unse#page/n621/mode/2up,,Picture-Play_vol20_no6_dd-8-1924_sml.jpg
21,1,,9,1924,,,,,,
21,2,,10,1924,,,,,,
21,3,,11,1924,,,,,,
21,4,,12,1924,,,,,,
21,5,,1,1925,,,,,,
21,6,,2,1925,,,,,,
22,1,,3,1925,LOC,pictureplaymagaz22unse,pictureplaymagaz22unse_0007.jp2,https://archive.org/stream/pictureplaymagaz22unse#page/n5/mode/2up,,Picture-Play_vol22_no1_dd-3-1925_sml.jpg
22,2,,4,1925,LOC,pictureplaymagaz22unse,pictureplaymagaz22unse_0129.jp2,https://archive.org/stream/pictureplaymagaz22unse#page/n127/mode/2up,,Picture-Play_vol22_no2_dd-4-1925_sml.jpg
22,3,,5,1925,LOC,pictureplaymagaz22unse,pictureplaymagaz22unse_0255.jp2,https://archive.org/stream/pictureplaymagaz22unse#page/n253/mode/2up,,Picture-Play_vol22_no3_dd-5-1925_sml.jpg
22,4,,6,1925,LOC,pictureplaymagaz22unse,pictureplaymagaz22unse_0379.jp2,https://archive.org/stream/pictureplaymagaz22unse#page/n377/mode/2up,,Picture-Play_vol22_no4_dd-6-1925_sml.jpg
22,5,,7,1925,LOC,pictureplaymagaz22unse,pictureplaymagaz22unse_0505.jp2,https://archive.org/stream/pictureplaymagaz22unse#page/n503/mode/2up,,Picture-Play_vol22_no5_dd-7-1925_sml.jpg
22,6,,8,1925,LOC,pictureplaymagaz22unse,pictureplaymagaz22unse_0631.jp2,https://archive.org/stream/pictureplaymagaz22unse#page/n629/mode/2up,,Picture-Play_vol22_no6_dd-8-1925_sml.jpg
23,1,,9,1925,LOC,pictureplaymagaz23unse,pictureplaymagaz23unse_0007.jp2,https://archive.org/stream/pictureplaymagaz23unse,cut page,Picture-Play_vol23_no1_dd-9-1925_sml.jpg
23,2,,10,1925,LOC,pictureplaymagaz23unse,pictureplaymagaz23unse_0127.jp2,https://archive.org/stream/pictureplaymagaz23unse#page/n125/mode/2up,,Picture-Play_vol23_no2_dd-10-1925_sml.jpg
23,3,,11,1925,LOC,pictureplaymagaz23unse,pictureplaymagaz23unse_0251.jp2,https://archive.org/stream/pictureplaymagaz23unse#page/n249/mode/2up,,Picture-Play_vol23_no3_dd-11-1925_sml.jpg
23,4,,12,1925,LOC,pictureplaymagaz23unse,pictureplaymagaz23unse_0367.jp2,https://archive.org/stream/pictureplaymagaz23unse#page/n365/mode/2up,cut page,Picture-Play_vol23_no4_dd-12-1925_sml.jpg
23,5,,1,1926,LOC,pictureplaymagaz23unse,pictureplaymagaz23unse_0493.jp2,https://archive.org/stream/pictureplaymagaz23unse#page/n491/mode/2up,,Picture-Play_vol23_no5_dd-1-1926_sml.jpg
23,6,,2,1926,LOC,pictureplaymagaz23unse,pictureplaymagaz23unse_0615.jp2,https://archive.org/stream/pictureplaymagaz23unse#page/n613/mode/2up,,Picture-Play_vol23_no6_dd-2-1926_sml.jpg
24,1,,3,1926,LOC,pictureplaymagaz24unse,pictureplaymagaz24unse_0007.jp2,https://archive.org/stream/pictureplaymagaz24unse#page/n5/mode/2up,cut page,Picture-Play_vol24_no1_dd-3-1926_sml.jpg
24,2,,4,1926,LOC,pictureplaymagaz24unse,pictureplaymagaz24unse_0133.jp2,https://archive.org/stream/pictureplaymagaz24unse#page/n131/mode/2up,cut page,Picture-Play_vol24_no2_dd-4-1926_sml.jpg
24,3,,5,1926,LOC,pictureplaymagaz24unse,pictureplaymagaz24unse_0255.jp2,https://archive.org/stream/pictureplaymagaz24unse#page/n253/mode/2up,cut page,Picture-Play_vol24_no3_dd-5-1926_sml.jpg
24,4,,6,1926,LOC,pictureplaymagaz24unse,pictureplaymagaz24unse_0379.jp2,https://archive.org/stream/pictureplaymagaz24unse#page/n377/mode/2up,,Picture-Play_vol24_no4_dd-6-1926_sml.jpg
24,5,,7,1926,LOC,pictureplaymagaz24unse,pictureplaymagaz24unse_0503.jp2,https://archive.org/stream/pictureplaymagaz24unse#page/n501/mode/2up,cut page,Picture-Play_vol24_no5_dd-7-1926_sml.jpg
24,6,,8,1926,LOC,pictureplaymagaz24unse,pictureplaymagaz24unse_0633.jp2,https://archive.org/stream/pictureplaymagaz24unse#page/n631/mode/2up,cut page,Picture-Play_vol24_no6_dd-8-1926_sml.jpg
25,1,,9,1926,LOC,pictureplaymagaz25unse,pictureplaymagaz25unse_0007.jp2,https://archive.org/stream/pictureplaymagaz25unse,,Picture-Play_vol25_no1_dd-9-1926_sml.jpg
25,2,,10,1926,LOC,pictureplaymagaz25unse,pictureplaymagaz25unse_0127.jp2,https://archive.org/stream/pictureplaymagaz25unse#page/n125/mode/2up,cut page,Picture-Play_vol25_no2_dd-10-1926_sml.jpg
25,3,,11,1926,LOC,pictureplaymagaz25unse,pictureplaymagaz25unse_0253.jp2,https://archive.org/stream/pictureplaymagaz25unse#page/n251/mode/2up,,Picture-Play_vol25_no3_dd-11-1926_sml.jpg
25,4,,12,1926,LOC,pictureplaymagaz25unse,pictureplaymagaz25unse_0377.jp2,https://archive.org/stream/pictureplaymagaz25unse#page/n375/mode/2up,cut page,Picture-Play_vol25_no4_dd-12-1926_sml.jpg
25,5,,1,1927,LOC,pictureplaymagaz25unse,pictureplaymagaz25unse_0503.jp2,https://archive.org/stream/pictureplaymagaz25unse#page/n501/mode/2up,missing page,Picture-Play_vol25_no5_dd-1-1927_sml.jpg
25,6,,2,1927,LOC,pictureplaymagaz25unse,pictureplaymagaz25unse_0625.jp2,https://archive.org/stream/pictureplaymagaz25unse#page/n623/mode/2up,,Picture-Play_vol25_no6_dd-2-1927_sml.jpg
26,1,,3,1927,LOC,pictureplaymagaz26unse,pictureplaymagaz26unse_0007.jp2,https://archive.org/stream/pictureplaymagaz26unse#page/n5/mode/2up,,Picture-Play_vol26_no1_dd-3-1927_sml.jpg
26,2,,4,1927,LOC,pictureplaymagaz26unse,pictureplaymagaz26unse_0133.jp2,https://archive.org/stream/pictureplaymagaz26unse#page/n131/mode/2up,cut page,Picture-Play_vol26_no2_dd-4-1927_sml.jpg
26,3,,5,1927,LOC,pictureplaymagaz26unse,pictureplaymagaz26unse_0259.jp2,https://archive.org/stream/pictureplaymagaz26unse#page/n257/mode/2up,,Picture-Play_vol26_no3_dd-5-1927_sml.jpg
26,4,,6,1927,LOC,pictureplaymagaz26unse,pictureplaymagaz26unse_0385.jp2,https://archive.org/stream/pictureplaymagaz26unse#page/n383/mode/2up,,Picture-Play_vol26_no4_dd-6-1927_sml.jpg
26,5,,7,1927,LOC,pictureplaymagaz26unse,pictureplaymagaz26unse_0511.jp2,https://archive.org/stream/pictureplaymagaz26unse#page/n509/mode/2up,cut page,Picture-Play_vol26_no5_dd-7-1927_sml.jpg
26,6,,8,1927,LOC,pictureplaymagaz26unse,pictureplaymagaz26unse_0631.jp2,https://archive.org/stream/pictureplaymagaz26unse#page/n629/mode/2up,cut page,Picture-Play_vol26_no6_dd-8-1927_sml.jpg
27,1,,9,1927,LOC,pictureplaymagaz27unse,MISSING COVER,https://archive.org/stream/pictureplaymagaz27unse#page/n7/mode/1up,,
27,2,,10,1927,LOC,pictureplaymagaz27unse,pictureplaymagaz27unse_0129.jp2,https://archive.org/stream/pictureplaymagaz27unse#page/n127/mode/2up,,Picture-Play_vol27_no2_dd-10-1927_sml.jpg
27,3,,11,1927,LOC,pictureplaymagaz27unse,pictureplaymagaz27unse_0259.jp2,https://archive.org/stream/pictureplaymagaz27unse#page/n253/mode/2up,cut page,Picture-Play_vol27_no3_dd-11-1927_sml.jpg
27,4,,12,1927,LOC,pictureplaymagaz27unse,pictureplaymagaz27unse_0381.jp2,https://archive.org/stream/pictureplaymagaz27unse#page/n375/mode/2up,,Picture-Play_vol27_no4_dd-12-1927_sml.jpg
27,5,,1,1928,LOC,pictureplaymagaz27unse,MISSING COVER,https://archive.org/stream/pictureplaymagaz27unse#page/n501/mode/1up,,
27,6,,2,1928,LOC,pictureplaymagaz27unse,MISSING COVER,https://archive.org/stream/pictureplaymagaz27unse#page/n625/mode/1up,,
28,1,,3,1928,LOC,pictureplaymagaz28unse,pictureplaymagaz28unse_0007.jp2,https://archive.org/stream/pictureplaymagaz28unse,,Picture-Play_vol28_no1_dd-3-1928_sml.jpg
28,2,,4,1928,LOC,pictureplaymagaz28unse,pictureplaymagaz28unse_0129.jp2,https://archive.org/stream/pictureplaymagaz28unse#page/n127/mode/2up,,Picture-Play_vol28_no2_dd-4-1928_sml.jpg
28,3,,5,1928,LOC,pictureplaymagaz28unse,pictureplaymagaz28unse_0251.jp2,https://archive.org/stream/pictureplaymagaz28unse#page/n249/mode/2up,,Picture-Play_vol28_no3_dd-5-1928_sml.jpg
28,4,,6,1928,LOC,pictureplaymagaz28unse,pictureplaymagaz28unse_0375.jp2,https://archive.org/stream/pictureplaymagaz28unse#page/n373/mode/2up,,Picture-Play_vol28_no4_dd-6-1928_sml.jpg
28,5,,7,1928,LOC,pictureplaymagaz28unse,pictureplaymagaz28unse_0499.jp2,https://archive.org/stream/pictureplaymagaz28unse#page/n497/mode/2up,,Picture-Play_vol28_no5_dd-7-1928_sml.jpg
28,6,,8,1928,LOC,pictureplaymagaz28unse,pictureplaymagaz28unse_0625.jp2,https://archive.org/stream/pictureplaymagaz28unse#page/n623/mode/2up,,Picture-Play_vol28_no6_dd-8-1928_sml.jpg
29,1,,9,1928,LOC,pictureplaymagaz29unse,pictureplaymagaz29unse_0007.jp2,https://archive.org/stream/pictureplaymagaz29unse#page/n5/mode/2up,,Picture-Play_vol29_no1_dd-9-1928_sml.jpg
29,2,,10,1928,LOC,pictureplaymagaz29unse,,,,
29,3,,11,1928,LOC,pictureplaymagaz29unse,pictureplaymagaz29unse_0141.jp2,https://archive.org/stream/pictureplaymagaz29unse#page/n139/mode/2up,,Picture-Play_vol29_no3_dd-11-1928_sml.jpg
29,4,,12,1928,LOC,pictureplaymagaz29unse,pictureplaymagaz29unse_0261.jp2,https://archive.org/stream/pictureplaymagaz29unse#page/n259/mode/2up,,Picture-Play_vol29_no4_dd-12-1928_sml.jpg
29,5,,1,1929,LOC,pictureplaymagaz29unse,pictureplaymagaz29unse_0379.jp2,https://archive.org/stream/pictureplaymagaz29unse#page/n377/mode/2up,,Picture-Play_vol29_no5_dd-1-1929_sml.jpg
29,6,,2,1929,LOC,pictureplaymagaz29unse,pictureplaymagaz29unse_0495.jp2,https://archive.org/stream/pictureplaymagaz29unse#page/n493/mode/2up,,Picture-Play_vol29_no6_dd-2-1929_sml.jpg
30,1,,3,1929,LOC,pictureplaymagaz30unse,pictureplaymagaz30unse_0005.jp2,https://archive.org/stream/pictureplaymagaz30unse,,Picture-Play_vol30_no1_dd-3-1929_sml.jpg
30,2,,4,1929,LOC,pictureplaymagaz30unse,pictureplaymagaz30unse_0123.jp2,https://archive.org/stream/pictureplaymagaz30unse#page/n121/mode/2up,,Picture-Play_vol30_no2_dd-4-1929_sml.jpg
30,3,,5,1929,LOC,pictureplaymagaz30unse,pictureplaymagaz30unse_0237.jp2,https://archive.org/stream/pictureplaymagaz30unse#page/n235/mode/2up,,Picture-Play_vol30_no3_dd-5-1929_sml.jpg
30,4,,6,1929,LOC,pictureplaymagaz30unse,pictureplaymagaz30unse_0351.jp2,https://archive.org/stream/pictureplaymagaz30unse#page/n349/mode/2up,,Picture-Play_vol30_no4_dd-6-1929_sml.jpg
30,5,,7,1929,LOC,pictureplaymagaz30unse,pictureplaymagaz30unse_0471.jp2,https://archive.org/stream/pictureplaymagaz30unse#page/n467/mode/2up,,Picture-Play_vol30_no5_dd-7-1929_sml.jpg
30,5,,7,1929,MOMA,picturep31stre,picturep31stre_0637.jp2,https://archive.org/stream/picturep31stre#page/n635/mode/2up,,Picture-Play_vol30_no5_dd-7-1929_sml.jpg
30,6,,8,1929,MOMA,picturep31stre,picturep31stre_0511.jp2,https://archive.org/stream/picturep31stre#page/n509/mode/2up,,Picture-Play_vol30_no6_dd-8-1929_sml.jpg
31,1,,9,1929,MOMA,picturep31stre,picturep31stre_0385.jp2,https://archive.org/stream/picturep31stre#page/n383/mode/2up,,Picture-Play_vol31_no1_dd-9-1929_sml.jpg
31,2,,10,1929,MOMA,picturep31stre,picturep31stre_0259.jp2,https://archive.org/stream/picturep31stre#page/n257/mode/2up,,Picture-Play_vol31_no2_dd-10-1929_sml.jpg
31,3,,11,1929,MOMA,picturep31stre,picturep31stre_0133.jp2,https://archive.org/stream/picturep31stre#page/n131/mode/2up,,Picture-Play_vol31_no3_dd-11-1929_sml.jpg
31,4,,12,1929,MOMA,picturep31stre,picturep31stre_0007.jp2,https://archive.org/stream/picturep31stre,,Picture-Play_vol31_no4_dd-12-1929_sml.jpg
31,5,,1,1930,MOMA,picturepl32stre,picturepl32stre_0007.jp2,https://archive.org/stream/picturepl32stre#page/n5/mode/2up,,Picture-Play_vol31_no5_dd-1-1930_sml.jpg
31,6,,2,1930,MOMA,picturepl32stre,picturepl32stre_0135.jp2,https://archive.org/stream/picturepl32stre#page/n133/mode/2up,,Picture-Play_vol31_no6_dd-2-1930_sml.jpg
32,1,,3,1930,MOMA,picturepl32stre,picturepl32stre_0261.jp2,https://archive.org/stream/picturepl32stre#page/n259/mode/2up,,Picture-Play_vol32_no1_dd-3-1930_sml.jpg
32,2,,4,1930,MOMA,picturepl32stre,picturepl32stre_0387.jp2,https://archive.org/stream/picturepl32stre#page/n385/mode/2up,,Picture-Play_vol32_no2_dd-4-1930_sml.jpg
32,3,,5,1930,MOMA,picturepl32stre,picturepl32stre_0513.jp2,https://archive.org/stream/picturepl32stre#page/n511/mode/2up,,Picture-Play_vol32_no3_dd-5-1930_sml.jpg
32,4,,6,1930,MOMA,picturepl32stre,picturepl32stre_0639.jp2,https://archive.org/stream/picturepl32stre#page/n637/mode/2up,,Picture-Play_vol32_no4_dd-6-1930_sml.jpg
32,5,,7,1930,MOMA,picturep33stre,picturep33stre_0007.jp2,https://archive.org/stream/picturep33stre#page/n5/mode/2up,,Picture-Play_vol32_no5_dd-7-1930_sml.jpg
32,6,,8,1930,MOMA,picturep33stre,picturep33stre_0133.jp2,https://archive.org/stream/picturep33stre#page/n131/mode/2up,,Picture-Play_vol32_no6_dd-8-1930_sml.jpg
33,1,,9,1930,MOMA,picturep33stre,picturep33stre_0259.jp2,https://archive.org/stream/picturep33stre#page/n257/mode/2up,,Picture-Play_vol33_no1_dd-9-1930_sml.jpg
33,2,,10,1930,MOMA,picturep33stre,picturep33stre_0385.jp2,https://archive.org/stream/picturep33stre#page/n383/mode/2up,,Picture-Play_vol33_no2_dd-10-1930_sml.jpg
33,3,,11,1930,MOMA,picturep33stre,picturep33stre_0511.jp2,https://archive.org/stream/picturep33stre#page/n509/mode/2up,,Picture-Play_vol33_no3_dd-11-1930_sml.jpg
33,4,,12,1930,MOMA,picturep33stre,picturep33stre_0637.jp2,https://archive.org/stream/picturep33stre#page/n635/mode/2up,,Picture-Play_vol33_no4_dd-12-1930_sml.jpg
33,5,,1,1931,MOMA,picturepla34stre,picturepla34stre_0007.jp2,https://archive.org/stream/picturepla34stre#page/n5/mode/2up,,Picture-Play_vol33_no5_dd-1-1931_sml.jpg
33,6,,2,1931,MOMA,picturepla34stre,picturepla34stre_0133.jp2,https://archive.org/stream/picturepla34stre#page/n131/mode/2up,,Picture-Play_vol33_no6_dd-2-1931_sml.jpg
34,1,,3,1931,MOMA,picturepla34stre,picturepla34stre_0261.jp2,https://archive.org/stream/picturepla34stre#page/n257/mode/2up,,Picture-Play_vol34_no1_dd-3-1931_sml.jpg
34,2,,4,1931,MOMA,picturepla34stre,picturepla34stre_0387.jp2,https://archive.org/stream/picturepla34stre#page/n383/mode/2up,,Picture-Play_vol34_no2_dd-4-1931_sml.jpg
34,3,,5,1931,MOMA,picturepla34stre,picturepla34stre_0513.jp2,https://archive.org/stream/picturepla34stre#page/n509/mode/2up,,Picture-Play_vol34_no3_dd-5-1931_sml.jpg
34,4,,6,1931,MOMA,picturepla34stre,picturepla34stre_0639.jp2,https://archive.org/stream/picturepla34stre#page/n635/mode/2up,,Picture-Play_vol34_no4_dd-6-1931_sml.jpg
34,5,,7,1931,,,,,,
34,6,,8,1931,,,,,,
35,1,,9,1931,,,,,,
35,2,,10,1931,,,,,,
35,3,,11,1931,,,,,,
35,4,,12,1931,,,,,,
35,5,,1,1932,MOMA,picturep37stre,picturep37stre_0007.jp2,https://archive.org/stream/picturep37stre#page/n5/mode/2up,,Picture-Play_vol35_no5_dd-1-1932_sml.jpg
35,6,,2,1932,MOMA,picturep37stre,picturep37stre_0087.jp2,https://archive.org/stream/picturep37stre#page/n83/mode/2up,pic cut,Picture-Play_vol35_no6_dd-2-1932_sml.jpg
36,1,,3,1932,MOMA,picturep37stre,picturep37stre_0155.jp2,https://archive.org/stream/picturep37stre#page/n151/mode/2up,pic cut,Picture-Play_vol36_no1_dd-3-1932_sml.jpg
36,2,,4,1932,MOMA,picturep37stre,picturep37stre_0229.jp2,https://archive.org/stream/picturep37stre#page/n225/mode/2up,,Picture-Play_vol36_no2_dd-4-1932_sml.jpg
36,3,,5,1932,MOMA,picturep37stre,picturep37stre_0309.jp2,https://archive.org/stream/picturep37stre#page/n305/mode/2up,pic cut,Picture-Play_vol36_no3_dd-5-1932_sml.jpg
36,4,,6,1932,MOMA,picturep37stre,picturep37stre_0387.jp2,https://archive.org/stream/picturep37stre#page/n383/mode/2up,,Picture-Play_vol36_no4_dd-6-1932_sml.jpg
36,5,,7,1932,MOMA,picturep37stre,picturep37stre_0461.jp2,https://archive.org/stream/picturep37stre#page/n457/mode/2up,,Picture-Play_vol36_no5_dd-7-1932_sml.jpg
36,6,,8,1932,MOMA,picturep37stre,picturep37stre_0535.jp2,https://archive.org/stream/picturep37stre#page/n531/mode/2up,pic cut,Picture-Play_vol36_no6_dd-8-1932_sml.jpg
37,1,,9,1932,MOMA,picturep37stre,picturep37stre_0609.jp2,https://archive.org/stream/picturep37stre#page/n605/mode/2up,,Picture-Play_vol37_no1_dd-9-1932_sml.jpg
37,2,,10,1932,MOMA,picturep37stre,picturep37stre_0687.jp2,https://archive.org/stream/picturep37stre#page/n683/mode/2up,pic cut,Picture-Play_vol37_no2_dd-10-1932_sml.jpg
37,3,,11,1932,MOMA,picturep37stre,picturep37stre_0763.jp2,https://archive.org/stream/picturep37stre#page/n757/mode/2up,pic cut,Picture-Play_vol37_no3_dd-11-1932_sml.jpg
37,4,,12,1932,MOMA,picturep37stre,picturep37stre_0841.jp2,https://archive.org/stream/picturep37stre#page/n835/mode/2up,pic cut,Picture-Play_vol37_no4_dd-12-1932_sml.jpg
37,5,,1,1933,MOMA,picturepl39stre,picturepl39stre_0007.jp2,https://archive.org/stream/picturepl39stre#page/n5/mode/2up,,Picture-Play_vol37_no5_dd-1-1933_sml.jpg
37,6,,2,1933,MOMA,picturepl39stre,picturepl39stre_0081.jp2,https://archive.org/stream/picturepl39stre#page/n79/mode/2up,page ripped,Picture-Play_vol37_no6_dd-2-1933_sml.jpg
38,1,,3,1933,MOMA,picturepl39stre,picturepl39stre_0157.jp2,https://archive.org/stream/picturepl39stre#page/n155/mode/2up,,Picture-Play_vol38_no1_dd-3-1933_sml.jpg
38,2,,4,1933,MOMA,picturepl39stre,picturepl39stre_0227.jp2,https://archive.org/stream/picturepl39stre#page/n225/mode/2up,,Picture-Play_vol38_no2_dd-4-1933_sml.jpg
38,3,,5,1933,MOMA,picturepl39stre,picturepl39stre_0303.jp2,https://archive.org/stream/picturepl39stre#page/n301/mode/2up,pic cut,Picture-Play_vol38_no3_dd-5-1933_sml.jpg
38,4,,6,1933,MOMA,picturepl39stre,picturepl39stre_0381.jp2,https://archive.org/stream/picturepl39stre#page/n379/mode/2up,,Picture-Play_vol38_no4_dd-6-1933_sml.jpg
38,5,,7,1933,MOMA,picturepl39stre,picturepl39stre_0453.jp2,https://archive.org/stream/picturepl39stre#page/n451/mode/2up,pic cut,Picture-Play_vol38_no5_dd-7-1933_sml.jpg
38,6,,8,1933,MOMA,picturepl39stre,picturepl39stre_0525.jp2,https://archive.org/stream/picturepl39stre#page/n523/mode/2up,pic cut,Picture-Play_vol38_no6_dd-8-1933_sml.jpg
39,1,,9,1933,MOMA,picturepl39stre,picturepl39stre_0599.jp2,https://archive.org/stream/picturepl39stre#page/n597/mode/2up,pic cut,Picture-Play_vol39_no1_dd-9-1933_sml.jpg
39,2,,10,1933,MOMA,picturepl39stre,picturepl39stre_0671.jp2,https://archive.org/stream/picturepl39stre#page/n669/mode/2up,pic cut,Picture-Play_vol39_no2_dd-10-1933_sml.jpg
39,3,,11,1933,MOMA,picturepl39stre,picturepl39stre_0745.jp2,https://archive.org/stream/picturepl39stre#page/n743/mode/2up,,Picture-Play_vol39_no3_dd-11-1933_sml.jpg
39,4,,12,1933,MOMA,picturepl39stre,picturepl39stre_0817.jp2,https://archive.org/stream/picturepl39stre#page/n815/mode/2up,,Picture-Play_vol39_no4_dd-12-1933_sml.jpg
39,5,,1,1934,MOMA,pictureplay3941stre,pictureplay3941stre_0005.jp2,https://archive.org/stream/pictureplay3941stre#page/n3/mode/2up,,Picture-Play_vol39_no5_dd-1-1934_sml.jpg
39,6,,2,1934,MOMA,pictureplay3941stre,pictureplay3941stre_0071.jp2,https://archive.org/stream/pictureplay3941stre#page/n69/mode/2up,,Picture-Play_vol39_no6_dd-2-1934_sml.jpg
40,1,,3,1934,MOMA,pictureplay3941stre,pictureplay3941stre_0135.jp2,https://archive.org/stream/pictureplay3941stre#page/n133/mode/2up,,Picture-Play_vol40_no1_dd-3-1934_sml.jpg
40,2,,4,1934,MOMA,pictureplay3941stre,pictureplay3941stre_0201.jp2,https://archive.org/stream/pictureplay3941stre#page/n199/mode/2up,,Picture-Play_vol40_no2_dd-4-1934_sml.jpg
40,3,,5,1934,MOMA,pictureplay3941stre,pictureplay3941stre_0269.jp2,https://archive.org/stream/pictureplay3941stre#page/n267/mode/2up,pic cut,Picture-Play_vol40_no3_dd-5-1934_sml.jpg
40,4,,6,1934,MOMA,pictureplay3941stre,pictureplay3941stre_0335.jp2,https://archive.org/stream/pictureplay3941stre#page/n333/mode/2up,,Picture-Play_vol40_no4_dd-6-1934_sml.jpg
40,5,,7,1934,MOMA,pictureplay3941stre,pictureplay3941stre_0399.jp2,https://archive.org/stream/pictureplay3941stre#page/n397/mode/2up,pic cut,Picture-Play_vol40_no5_dd-7-1934_sml.jpg
40,6,,8,1934,MOMA,pictureplay3941stre,pictureplay3941stre_0465.jp2,https://archive.org/stream/pictureplay3941stre#page/n463/mode/2up,pic cut,Picture-Play_vol40_no6_dd-8-1934_sml.jpg
41,1,,9,1934,MOMA,pictureplay3941stre,pictureplay3941stre_0533.jp2,https://archive.org/stream/pictureplay3941stre#page/n531/mode/2up,,Picture-Play_vol41_no1_dd-9-1934_sml.jpg
41,2,,10,1934,MOMA,pictureplay3941stre,pictureplay3941stre_0601.jp2,https://archive.org/stream/pictureplay3941stre#page/n599/mode/2up,,Picture-Play_vol41_no2_dd-10-1934_sml.jpg
41,3,,11,1934,MOMA,pictureplay3941stre,pictureplay3941stre_0667.jp2,https://archive.org/stream/pictureplay3941stre#page/n665/mode/2up,,Picture-Play_vol41_no3_dd-11-1934_sml.jpg
41,4,,12,1934,MOMA,pictureplay3941stre,pictureplay3941stre_0733.jp2,https://archive.org/stream/pictureplay3941stre#page/n731/mode/2up,pic cut,Picture-Play_vol41_no4_dd-12-1934_sml.jpg
41,5,,1,1935,MOMA,pictureplay4143stre,pictureplay4143stre_0005.jp2,https://archive.org/stream/pictureplay4143stre#page/n3/mode/2up,pic cut,Picture-Play_vol41_no5_dd-1-1935_sml.jpg
41,6,,2,1935,MOMA,pictureplay4143stre,MISSING COVER,https://archive.org/stream/pictureplay4143stre#page/n82/mode/1up,pic cut,
42,1,,3,1935,MOMA,pictureplay4143stre,pictureplay4143stre_0165.jp2,https://archive.org/stream/pictureplay4143stre#page/n163/mode/2up,pic cut,Picture-Play_vol42_no1_dd-3-1935_sml.jpg
42,2,,4,1935,MOMA,pictureplay4143stre,pictureplay4143stre_0249.jp2,https://archive.org/stream/pictureplay4143stre#page/n247/mode/2up,pic cut,Picture-Play_vol42_no2_dd-4-1935_sml.jpg
42,3,,5,1935,MOMA,pictureplay4143stre,pictureplay4143stre_0327.jp2,https://archive.org/stream/pictureplay4143stre#page/n325/mode/2up,pic cut,Picture-Play_vol42_no3_dd-5-1935_sml.jpg
42,4,,6,1935,MOMA,pictureplay4143stre,pictureplay4143stre_0411.jp2,https://archive.org/stream/pictureplay4143stre#page/n409/mode/2up,pic cut,Picture-Play_vol42_no4_dd-6-1935_sml.jpg
42,5,,7,1935,MOMA,pictureplay4143stre,pictureplay4143stre_0495.jp2,https://archive.org/stream/pictureplay4143stre#page/n493/mode/2up,pic cut,Picture-Play_vol42_no5_dd-7-1935_sml.jpg
42,6,,8,1935,MOMA,pictureplay4143stre,pictureplay4143stre_0579.jp2,https://archive.org/stream/pictureplay4143stre#page/n577/mode/2up,pic cut,Picture-Play_vol42_no6_dd-8-1935_sml.jpg
43,1,,9,1935,MOMA,pictureplay4143stre,pictureplay4143stre_0663.jp2,https://archive.org/stream/pictureplay4143stre#page/n661/mode/2up,pic cut,Picture-Play_vol43_no1_dd-9-1935_sml.jpg
43,2,,10,1935,MOMA,pictureplay4143stre,pictureplay4143stre_0747.jp2,https://archive.org/stream/pictureplay4143stre#page/n745/mode/2up,pic cut,Picture-Play_vol43_no2_dd-10-1935_sml.jpg
43,3,,11,1935,MOMA,pictureplay4143stre,pictureplay4143stre_0847.jp2,https://archive.org/stream/pictureplay4143stre#page/n845/mode/2up,pic cut,Picture-Play_vol43_no3_dd-11-1935_sml.jpg
43,4,,12,1935,MOMA,pictureplay4143stre,pictureplay4143stre_0947.jp2,https://archive.org/stream/pictureplay4143stre#page/n945/mode/2up,,Picture-Play_vol43_no4_dd-12-1935_sml.jpg
43,5,,1,1936,MOMA,pictureplay4345stre,,,,
43,6,,2,1936,MOMA,pictureplay4345stre,pictureplay4345stre_0011.jp2,https://archive.org/stream/pictureplay4345stre#page/n9/mode/2up,,Picture-Play_vol43_no6_dd-2-1936_sml.jpg
44,1,,3,1936,MOMA,pictureplay4345stre,,,,
44,2,,4,1936,MOMA,pictureplay4345stre,pictureplay4345stre_0113.jp2,https://archive.org/stream/pictureplay4345stre#page/n111/mode/2up,,Picture-Play_vol44_no2_dd-4-1936_sml.jpg
44,3,,5,1936,MOMA,pictureplay4345stre,,,,
44,4,,6,1936,MOMA,pictureplay4345stre,,,,
44,5,,7,1936,MOMA,pictureplay4345stre,,,,
44,6,,8,1936,MOMA,pictureplay4345stre,,,,
45,1,,9,1936,MOMA,pictureplay4345stre,pictureplay4345stre_0215.jp2,https://archive.org/stream/pictureplay4345stre#page/n213/mode/2up,,Picture-Play_vol45_no1_dd-9-1936_sml.jpg
45,2,,10,1936,MOMA,pictureplay4345stre,pictureplay4345stre_0313.jp2,https://archive.org/stream/pictureplay4345stre#page/n311/mode/2up,,Picture-Play_vol45_no2_dd-10-1936_sml.jpg
45,3,,11,1936,MOMA,pictureplay4345stre,pictureplay4345stre_0413.jp2,https://archive.org/stream/pictureplay4345stre#page/n411/mode/2up,,Picture-Play_vol45_no3_dd-11-1936_sml.jpg
45,4,,12,1936,MOMA,pictureplay4345stre,pictureplay4345stre_0513.jp2,https://archive.org/stream/pictureplay4345stre#page/n511/mode/2up,,Picture-Play_vol45_no4_dd-12-1936_sml.jpg
45,5,,1,1937,MOMA,pictureplay4547stre,pictureplay4547stre_0007.jp2,https://archive.org/stream/pictureplay4547stre#page/n5/mode/2up,,Picture-Play_vol45_no5_dd-1-1937_sml.jpg
45,6,,2,1937,MOMA,pictureplay4547stre,pictureplay4547stre_0105.jp2,https://archive.org/stream/pictureplay4547stre#page/n103/mode/2up,pic cut,Picture-Play_vol45_no6_dd-2-1937_sml.jpg
46,1,,3,1937,MOMA,pictureplay4547stre,pictureplay4547stre_0205.jp2,https://archive.org/stream/pictureplay4547stre#page/n203/mode/2up,pic cut,Picture-Play_vol46_no1_dd-3-1937_sml.jpg
46,2,,4,1937,MOMA,pictureplay4547stre,pictureplay4547stre_0305.jp2,https://archive.org/stream/pictureplay4547stre#page/n303/mode/2up,,Picture-Play_vol46_no2_dd-4-1937_sml.jpg
46,3,,5,1937,MOMA,pictureplay4547stre,pictureplay4547stre_0403.jp2,https://archive.org/stream/pictureplay4547stre#page/n401/mode/2up,pic cut,Picture-Play_vol46_no3_dd-5-1937_sml.jpg
46,4,,6,1937,MOMA,pictureplay4547stre,pictureplay4547stre_0503.jp2,https://archive.org/stream/pictureplay4547stre#page/n501/mode/2up,pic cut,Picture-Play_vol46_no4_dd-6-1937_sml.jpg
46,5,,7,1937,MOMA,pictureplay4547stre,pictureplay4547stre_0599.jp2,https://archive.org/stream/pictureplay4547stre#page/n597/mode/2up,pic cut,Picture-Play_vol46_no5_dd-7-1937_sml.jpg
46,6,,8,1937,MOMA,pictureplay4547stre,pictureplay4547stre_0697.jp2,https://archive.org/stream/pictureplay4547stre#page/n695/mode/2up,pic cut,Picture-Play_vol46_no6_dd-8-1937_sml.jpg
47,1,,9,1937,MOMA,pictureplay4547stre,pictureplay4547stre_0797.jp2,https://archive.org/stream/pictureplay4547stre#page/n795/mode/2up,cover ripped,Picture-Play_vol47_no1_dd-9-1937_sml.jpg
47,2,,10,1937,MOMA,pictureplay4547stre,pictureplay4547stre_0897.jp2,https://archive.org/stream/pictureplay4547stre#page/n895/mode/2up,pic cut,Picture-Play_vol47_no2_dd-10-1937_sml.jpg
47,3,,11,1937,MOMA,pictureplay4547stre,pictureplay4547stre_0999.jp2,https://archive.org/stream/pictureplay4547stre#page/n997/mode/2up,pic cut,Picture-Play_vol47_no3_dd-11-1937_sml.jpg
47,4,,12,1937,MOMA,pictureplay4547stre,pictureplay4547stre_1093.jp2,https://archive.org/stream/pictureplay4547stre#page/n1091/mode/2up,pic cut,Picture-Play_vol47_no4_dd-12-1937_sml.jpg
47,5,,1,1938,MOMA,pictureplay3739stre,pictureplay3739stre_0007.jp2,https://archive.org/stream/pictureplay3739stre#page/n5/mode/2up,,Picture-Play_vol47_no5_dd-1-1938_sml.jpg
47,6,,2,1938,MOMA,pictureplay3739stre,,,,
48,1,,3,1938,MOMA,pictureplay3739stre,pictureplay3739stre_0091.jp2,https://archive.org/stream/pictureplay3739stre#page/n89/mode/2up,,Picture-Play_vol48_no1_dd-3-1938_sml.jpg
48,2,,4,1938,MOMA,pictureplay3739stre,pictureplay3739stre_0175.jp2,https://archive.org/stream/pictureplay3739stre#page/n174/mode/1up,,Picture-Play_vol48_no2_dd-4-1938_sml.jpg
48,3,,5,1938,MOMA,pictureplay3739stre,,,,
48,4,,6,1938,MOMA,pictureplay3739stre,,,,
48,5,,7,1938,MOMA,pictureplay3739stre,,,,
48,6,,8,1938,MOMA,pictureplay3739stre,,,,
49,1,,9,1938,MOMA,pictureplay3739stre,,,,
49,2,,10,1938,MOMA,pictureplay3739stre,pictureplay3739stre_0259.jp2,https://archive.org/stream/pictureplay3739stre#page/n257/mode/2up,,Picture-Play_vol49_no2_dd-10-1938_sml.jpg
49,3,,11,1938,MOMA,pictureplay3739stre,,,,
49,4,,12,1938,MOMA,pictureplay3739stre,,,,
